Order_Date,Product_ID,Store_ID,Quantity_Sold,Revenue,Discount
2024-05-10,102,4,7,2963,15
2024-12-31,103,2,4,3029,0
2024-11-10,107,1,1,3003,5
2022-05-02,108,5,2,4892,15
2023-04-12,106,2,4,3683,15
2022-11-27,105,4,1,4533,5
2022-03-29,101,2,8,3667,5
2024-05-21,108,1,9,3497,15
2022-05-11,103,3,4,3727,0
2024-02-09,106,3,3,2652,10
2022-12-10,103,4,2,2228,5
2024-03-16,107,4,5,2524,10
2023-01-21,107,3,3,829,15
2024-08-13,109,4,7,2986,10
2022-10-04,105,2,6,1655,0
2023-04-05,108,5,1,2390,15
2022-01-22,110,5,8,4977,0
2022-09-10,110,2,2,2685,15
2024-01-18,108,5,5,2817,0
2024-05-06,101,1,9,4121,15
2023-04-20,105,2,8,4991,0
2024-12-18,103,4,2,3011,15
2023-05-26,101,2,9,949,0
2023-12-01,104,3,5,1854,15
2024-09-02,108,4,6,1793,0
2022-07-09,103,3,3,2965,5
2024-08-15,110,4,3,3602,10
2023-11-18,102,5,8,2349,15
2024-08-15,109,2,2,3675,0
2023-07-17,110,1,2,4781,5
2024-04-11,105,4,5,3699,15
2023-10-09,107,4,6,1733,15
2022-01-21,102,3,2,1937,15
2024-04-20,109,5,5,3852,10
2022-06-16,109,3,7,4530,0
2023-01-23,104,3,8,752,0
2023-08-24,104,5,7,518,15
2022-11-12,106,1,8,3259,15
2022-01-14,110,3,9,722,15
2022-08-30,110,3,5,502,5
2024-02-16,110,4,5,1759,15
2023-07-19,106,5,4,4823,10
2024-06-16,101,2,9,3068,0
2022-04-02,109,1,5,2385,10
2024-08-13,102,1,2,1799,15
2023-05-24,105,5,8,2838,5
2024-02-15,109,4,7,1576,15
2022-02-04,104,4,8,4258,15
2022-07-25,103,5,3,3681,15
2024-10-22,107,4,4,1447,15
2024-10-18,106,1,5,4238,15
2023-07-20,108,1,6,3231,0
2023-12-04,103,2,1,4507,10
2023-02-06,105,5,4,1369,5
2023-12-31,110,3,5,593,15
2022-06-11,104,3,7,3487,5
2022-07-21,104,2,5,2275,0
2024-09-22,104,2,1,2760,10
2022-09-27,110,4,7,935,15
2024-03-26,108,2,8,4800,0
2023-04-01,106,2,7,3644,0
2024-10-13,103,3,4,4087,10
2022-10-23,110,4,8,576,15
2023-12-21,105,2,5,1315,10
2022-12-04,106,2,9,1267,10
2024-05-28,105,4,5,4185,5
2024-12-12,106,5,1,605,5
2024-03-02,108,4,9,4416,10
2022-08-05,107,3,5,3373,5
2024-02-03,105,5,6,3846,0
2022-07-07,110,1,4,3648,10
2023-01-15,106,4,6,3648,15
2023-05-08,104,3,8,1965,15
2024-11-30,109,5,3,3087,0
2022-01-15,104,4,5,744,15
2022-03-06,101,2,2,3125,15
2023-06-05,107,4,2,4349,10
2023-10-10,107,1,7,1905,0
2024-12-22,104,4,6,1481,10
2023-08-16,103,5,4,4308,0
2023-01-27,108,5,5,641,10
2023-02-23,105,4,1,1392,10
2022-10-16,110,5,7,2899,5
2023-01-14,107,2,8,3460,15
2022-08-19,104,4,9,2699,0
2024-10-14,104,2,8,1969,15
2022-02-10,108,2,5,3200,5
2024-11-17,108,3,3,3505,0
2022-05-15,102,4,9,3874,5
2022-07-20,102,5,6,1155,15
2024-02-19,103,2,5,3268,10
2024-07-18,103,3,3,542,5
2024-11-22,101,4,6,2811,5
2024-12-07,103,4,3,2160,10
2023-05-18,106,1,6,2724,15
2023-02-11,108,1,4,2610,5
2024-03-15,110,2,2,1457,15
2022-04-09,106,1,8,1060,10
2023-11-15,105,2,4,1830,0
2023-12-27,104,5,9,1812,5
2024-08-18,103,2,7,2321,15
2023-09-05,104,1,2,3502,10
2023-10-05,107,5,4,3903,10
2024-10-25,101,1,5,3151,5
2023-05-18,107,2,3,2314,0
2024-02-06,101,3,9,2241,5
2023-02-02,102,4,5,4308,15
2024-05-20,104,1,2,3377,10
2024-03-05,101,2,3,3770,0
2023-01-28,109,5,9,4583,15
2022-07-26,106,1,7,1245,5
2024-11-04,101,1,2,1057,10
2024-06-10,101,4,9,3801,5
2024-05-13,106,2,4,1441,0
2024-01-13,104,3,9,4523,0
2023-07-18,104,5,2,2796,0
2024-10-17,106,2,4,1439,0
2022-04-06,107,5,5,2110,0
2023-04-30,109,1,2,2225,5
2022-08-19,110,4,1,1484,0
2024-01-19,105,4,7,2087,0
2023-06-25,109,3,1,4521,10
2024-11-25,104,4,8,1836,0
2023-06-09,110,1,3,3637,10
2023-08-01,102,3,6,1161,10
2023-11-13,103,2,7,532,10
2023-07-11,101,4,1,3914,5
2024-10-09,106,3,6,1656,5
2023-10-08,106,1,7,3626,15
2024-03-06,101,5,6,560,15
2024-11-17,103,5,4,4428,10
2022-07-09,105,1,1,2043,5
2023-09-25,103,1,9,771,0
2023-09-20,110,5,4,4576,15
2024-08-30,103,3,7,3888,5
2023-12-11,110,5,7,3252,0
2023-10-11,103,1,2,3209,0
2022-11-14,105,4,1,1654,5
2023-11-15,105,2,8,4905,15
2023-10-26,104,4,8,4353,5
2023-03-18,101,4,7,2245,15
2023-07-18,105,1,8,3932,10
2024-08-09,110,5,3,837,5
2023-11-30,105,3,2,509,5
2022-04-23,104,4,7,4644,15
2022-01-02,106,5,8,1230,15
2023-10-04,110,3,1,2148,5
2022-08-08,104,4,9,4728,0
2024-05-04,107,3,4,4154,0
2023-01-20,107,5,4,2630,0
2024-12-12,102,2,3,4971,10
2023-12-31,103,5,6,2896,10
2022-09-04,101,1,1,4866,15
2024-04-15,108,3,6,2006,10
2022-07-22,109,2,2,2658,0
2022-05-03,104,3,9,3416,5
2023-02-05,106,3,2,4671,10
2024-02-06,109,4,7,3729,10
2022-10-21,106,1,1,4103,0
2022-10-07,109,3,7,2166,10
2024-06-02,104,5,5,4924,15
2022-07-17,108,5,8,4636,5
2024-09-08,109,4,4,3469,0
2024-01-22,104,1,7,3189,15
2022-05-24,105,1,6,2826,0
2023-09-01,108,5,5,3310,15
2022-07-06,110,2,4,3016,5
2023-04-09,106,4,7,3971,5
2023-10-22,107,4,5,512,15
2024-02-03,103,5,5,3470,15
2024-08-12,107,5,1,4121,15
2023-02-07,108,2,2,4183,15
2022-05-27,110,2,5,3973,15
2024-05-13,106,1,3,3622,15
2023-05-04,110,4,2,3964,5
2024-07-17,109,4,4,1152,15
2023-07-05,106,5,4,1120,10
2022-12-04,109,1,4,4290,5
2024-05-21,104,4,4,2145,0
2023-10-03,108,1,3,2743,5
2023-04-18,104,1,7,3991,0
2022-05-31,102,5,9,4211,0
2022-09-20,110,1,5,4188,10
2022-05-24,109,2,4,1879,15
2022-12-12,105,2,2,4743,15
2023-09-16,104,3,2,2545,5
2024-10-13,102,5,5,3548,15
2024-05-30,101,3,7,1888,10
2022-01-02,107,2,9,901,5
2024-06-15,106,3,7,3153,5
2022-09-11,102,5,5,4824,5
2023-03-29,108,5,6,4423,15
2024-11-26,104,1,3,767,15
2024-10-11,108,4,5,4721,15
2022-01-09,107,1,8,2225,5
2024-03-26,105,5,1,1612,5
2022-07-27,110,2,1,3175,0
2023-02-08,110,2,7,1780,0
2022-06-01,108,1,5,1732,15
2022-02-23,109,5,5,4876,5
2023-09-20,105,2,1,2363,15
2023-08-10,110,5,9,4984,15
2022-04-14,105,2,1,1116,0
2022-09-11,102,5,5,646,10
2023-05-25,105,3,9,4177,15
2022-04-09,103,5,4,788,10
2022-06-02,107,5,8,1909,10
2024-07-02,110,1,6,513,5
2024-05-27,105,3,3,756,5
2022-12-04,108,4,4,2221,15
2024-04-01,101,1,2,1923,0
2024-08-14,103,4,1,3490,0
2022-06-10,103,2,8,1695,15
2024-03-11,109,4,1,4865,15
2023-02-02,105,5,1,1744,0
2024-03-26,109,4,4,3723,10
2023-02-05,109,1,6,3970,15
2023-10-02,101,1,9,4667,10
2024-11-22,102,4,1,4469,15
2023-11-19,105,1,7,1806,15
2023-04-05,104,1,5,2621,10
2024-08-12,110,4,8,2902,10
2023-04-15,109,3,7,996,0
2024-11-11,107,3,4,3899,15
2024-01-20,106,2,4,4106,5
2022-02-07,107,1,6,1409,5
2022-08-18,101,4,6,872,15
2023-07-17,101,1,9,4957,15
2023-03-14,108,5,5,1844,15
2022-01-27,102,1,8,823,10
2022-08-14,110,1,5,2931,5
2024-03-08,109,3,2,3284,5
2022-10-11,107,4,6,2893,5
2024-05-28,106,1,9,4420,15
2024-08-17,101,3,3,1715,10
2023-03-29,101,2,1,2195,15
2024-10-16,102,3,1,2407,0
2024-03-26,106,3,3,1280,0
2023-10-21,106,3,5,1519,5
2023-07-01,102,1,3,3765,15
2024-12-08,101,1,9,1903,0
2022-01-17,110,2,8,1926,0
2022-06-07,105,5,3,1163,15
2023-04-22,105,5,9,3147,10
2024-12-05,102,5,6,510,15
2023-06-02,106,2,7,1538,15
2022-04-09,109,5,4,3325,10
2024-11-26,102,5,4,3503,5
2022-10-07,110,3,2,1575,5
2023-05-12,102,1,5,3588,5
2022-10-29,103,1,8,2289,10
2022-06-30,107,3,7,3536,0
2023-08-30,106,3,7,4153,10
2023-12-01,108,3,6,3675,15
2024-09-19,108,1,3,4799,10
2022-07-10,106,5,5,1576,0
2022-09-10,110,3,1,1473,0
2024-09-07,103,2,7,2365,15
2024-07-16,103,3,9,3625,5
2022-05-08,101,4,1,1799,0
2022-01-18,107,3,2,3906,0
2023-07-20,105,1,3,1658,0
2023-07-24,104,3,3,3629,15
2023-11-17,110,4,8,604,0
2023-09-18,104,2,7,4067,5
2024-05-03,104,5,6,4848,15
2024-08-19,106,3,4,4890,5
2022-06-04,108,4,9,1681,0
2023-05-05,108,4,1,3638,0
2024-02-24,105,2,2,4894,5
2022-09-03,106,1,4,4034,15
2024-11-28,104,3,3,4696,15
2024-01-29,109,4,1,3627,5
2023-06-22,108,2,5,2274,0
2024-07-09,110,5,7,4314,10
2023-02-12,110,4,2,591,5
2023-06-09,101,2,5,946,5
2024-04-07,102,1,6,608,5
2024-06-21,109,1,7,4912,0
2022-02-05,108,4,1,3739,15
2023-11-16,103,4,7,4553,0
2022-01-20,108,3,4,1745,5
2022-11-17,101,2,8,3220,0
2023-05-27,110,4,4,777,0
2023-02-04,104,3,6,3556,5
2023-10-16,103,3,9,3422,0
2024-08-29,106,4,5,3013,10
2023-04-16,107,1,4,1338,0
2024-04-13,104,2,8,3301,0
2023-12-28,107,2,9,529,15
2024-05-03,109,1,4,1757,15
2022-02-20,102,4,3,864,5
2023-07-29,103,2,8,2300,5
2022-05-30,105,4,5,1404,15
2022-11-10,103,4,2,2678,10
2023-07-24,108,3,9,3350,0
2022-11-01,110,1,3,3336,10
2023-11-13,108,4,2,4946,10
2024-04-17,108,5,1,679,15
2024-12-13,109,1,8,4373,5
2024-09-29,104,2,3,4460,0
2023-03-20,105,3,7,1686,5
2023-09-05,105,2,1,4459,10
2024-09-19,108,2,1,1273,10
2022-09-21,107,1,9,4960,5
2024-12-12,109,2,8,852,5
2024-09-30,108,4,3,3528,15
2022-01-05,102,2,6,617,5
2024-02-13,110,3,3,981,5
2024-05-26,104,3,4,4787,15
2024-09-18,106,5,1,3137,5
2024-06-02,102,3,5,606,10
2022-02-16,107,2,1,4977,5
2024-05-16,103,3,1,743,0
2024-04-02,103,1,7,3132,10
2024-07-24,102,3,6,1365,15
2023-10-18,108,4,2,3481,10
2022-09-26,106,1,2,2061,15
2023-01-05,101,5,7,1103,0
2023-09-28,101,4,1,3562,0
2023-10-19,107,2,2,4518,10
2022-04-30,108,2,8,2515,5
2024-04-10,105,2,6,2158,10
2024-12-17,105,4,2,3880,10
2024-01-11,104,4,7,4267,0
2022-04-27,106,4,4,4270,15
2024-03-01,106,1,2,2113,10
2024-10-09,103,1,6,2379,5
2024-12-17,109,2,9,4608,0
2023-09-26,107,3,9,2846,10
2023-05-28,101,2,8,1599,10
2024-03-12,107,5,3,1574,5
2023-07-14,105,1,3,1286,10
2023-05-03,105,4,2,648,10
2024-06-15,102,1,5,2254,10
2023-12-05,104,4,4,2669,10
2023-08-04,106,5,7,4256,5
2024-02-29,110,5,4,1679,10
2024-05-10,107,1,9,3809,10
2022-09-04,105,4,2,2923,10
2022-06-03,109,5,6,4677,0
2024-09-23,103,2,7,1424,5
2023-11-28,101,2,4,2103,0
2024-12-28,104,4,6,3552,0
2024-12-06,109,1,7,4718,5
2024-10-05,104,5,4,2877,0
2022-04-04,102,1,8,3980,0
2024-08-15,110,2,9,3682,0
2024-10-08,105,5,1,3317,5
2023-03-29,103,1,7,3660,10
2024-06-30,109,3,9,1211,15
2022-08-06,104,4,5,3086,15
2023-04-19,106,4,2,3148,5
2023-03-08,102,3,6,2217,15
2022-12-07,106,2,7,4852,5
2023-07-05,103,5,2,1370,5
2022-12-23,109,4,2,4074,15
2022-01-23,102,3,1,770,0
2023-06-06,109,3,4,2043,10
2024-03-12,105,2,7,1049,15
2024-02-01,108,2,9,4514,15
2023-03-18,102,1,3,4954,15
2024-02-08,106,4,7,2212,15
2024-10-12,103,1,7,3740,5
2023-05-31,110,3,7,1862,5
2024-11-05,105,5,2,1784,10
2024-03-02,108,5,6,1386,10
2022-12-02,110,2,2,2758,15
2022-09-15,101,5,6,4882,15
2023-05-12,105,5,3,2285,15
2024-06-14,103,5,2,4043,10
2022-06-09,104,3,6,795,15
2024-05-01,102,5,2,2553,0
2023-11-21,109,5,5,3097,10
2023-01-15,103,5,2,1180,0
2024-08-14,102,1,3,4798,15
2023-11-22,110,3,3,824,5
2024-12-02,109,2,6,2791,0
2022-10-12,107,1,6,4922,10
2023-02-01,106,4,3,1486,0
2022-01-12,101,3,3,3618,10
2023-05-14,105,3,1,1260,15
2024-01-24,103,4,7,4193,0
2022-02-04,101,4,8,1536,5
2023-12-28,104,4,2,1406,0
2024-04-28,102,2,4,864,5
2022-03-31,102,5,7,3913,10
2024-02-15,103,3,8,1569,15
2023-08-28,108,5,1,4869,15
2024-08-27,108,5,4,2755,5
2024-10-18,107,4,6,4186,10
2023-02-22,106,2,3,4719,15
2022-04-25,109,1,5,3581,10
2023-09-09,104,2,9,3758,5
2024-04-05,101,5,3,2607,5
2023-02-17,108,2,5,3433,0
2023-12-30,107,4,8,3329,15
2024-10-17,107,1,6,941,15
2024-01-31,103,4,4,2059,0
2023-11-07,104,1,8,2241,5
2023-04-02,110,5,3,1125,5
2024-07-08,109,1,3,4363,5
2022-07-11,106,1,4,2190,5
2024-01-09,105,1,9,3281,10
2024-09-04,103,2,5,590,15
2024-10-05,109,2,8,3506,15
2022-04-06,105,5,6,4802,5
2023-10-25,105,1,3,1588,5
2022-02-06,104,3,8,1680,5
2022-10-06,104,5,9,2401,15
2022-08-05,101,1,8,4990,15
2024-05-16,107,1,4,686,5
2024-05-22,109,2,6,2097,10
2022-03-03,103,5,1,3908,0
2023-08-19,102,1,4,4247,0
2023-12-30,103,1,8,3170,0
2023-02-01,101,5,1,739,15
2023-11-30,106,3,3,3080,15
2024-11-08,107,5,1,4736,0
2022-06-26,102,5,9,638,0
2023-01-31,108,3,2,3006,10
2023-03-21,106,5,9,4665,15
2022-03-17,104,1,4,4980,15
2022-09-22,105,5,2,2745,0
2023-03-31,108,3,4,4800,10
2023-12-19,103,4,6,2249,10
2024-01-05,103,5,7,1067,0
2024-04-30,104,2,3,1381,0
2022-05-24,101,1,3,1139,15
2024-06-03,109,1,8,4461,0
2024-12-28,108,2,5,4920,5
2023-01-31,108,2,4,2835,10
2024-11-14,110,5,7,4821,0
2024-08-05,106,2,7,3485,5
2024-06-09,107,4,9,1059,10
2023-07-23,106,3,9,1213,5
2024-11-28,109,2,5,4488,5
2022-04-19,103,2,8,756,0
2024-12-01,103,4,1,1076,10
2024-07-23,103,1,9,537,5
2023-02-02,110,1,8,2572,15
2023-09-26,103,5,6,960,10
2024-01-03,109,4,3,1940,15
2022-08-23,104,3,3,4978,0
2023-10-20,107,3,8,2332,15
2024-01-21,109,4,5,3899,10
2023-08-11,107,3,7,932,5
2024-10-29,109,1,5,4651,5
2024-08-11,103,3,8,2251,10
2023-05-07,104,3,4,2547,5
2024-07-01,108,4,2,3340,15
2022-06-19,106,4,3,756,5
2024-08-03,105,3,8,1171,5
2024-03-05,104,2,7,989,15
2023-09-26,108,4,2,4214,15
2022-01-29,101,5,6,2596,15
2022-12-05,109,5,9,2182,0
2023-05-15,101,1,4,4911,15
2023-05-26,108,3,9,2960,15
2022-08-05,104,2,2,4412,0
2024-12-29,109,1,2,2475,5
2023-03-21,105,3,9,3716,15
2024-05-25,103,4,7,1889,10
2022-06-16,109,5,7,4356,15
2022-04-01,109,2,1,2084,15
2023-12-15,104,5,6,3463,0
2022-02-08,104,4,7,1476,10
2022-06-22,108,3,6,3864,5
2023-10-15,102,4,6,545,5
2024-01-24,109,4,2,1693,10
2024-12-17,106,5,6,3842,15
2023-04-21,109,2,4,746,0
2023-04-01,108,4,9,3719,10
2024-04-08,107,5,1,4825,10
2024-06-13,101,2,8,1291,5
2024-10-21,103,3,5,1136,0
2023-01-22,102,3,1,4275,10
2022-12-14,105,1,4,2921,0
2022-07-09,105,5,1,1588,15
2023-05-20,105,2,6,4683,5
2024-04-03,104,4,2,3659,15
2024-07-17,105,3,5,1212,0
2024-07-22,103,2,7,4144,15
2022-05-14,101,5,2,4390,5
2022-02-27,105,1,6,3086,0
2023-11-16,109,3,6,4809,10
2023-11-03,109,2,5,2608,15
2022-06-22,104,2,5,4114,5
2024-03-25,103,2,3,1742,10
2022-03-21,101,5,2,2559,5
2024-06-04,102,5,7,3986,0
2022-07-22,108,5,1,4832,0
2024-02-03,101,4,6,4310,15
2022-02-16,108,2,6,4400,5
2023-10-18,107,3,3,3105,5
2023-04-16,108,5,2,3534,5
2024-08-28,106,5,2,4707,0
2024-11-01,109,2,9,4551,15
2024-01-06,103,5,5,3863,5
2024-02-23,110,4,7,4521,5
2024-08-25,104,4,5,2345,10
2022-12-24,106,5,7,882,5
2024-08-29,108,2,4,4612,15
2023-10-30,105,2,8,4310,10
2023-01-08,103,2,7,2396,10
2024-10-28,106,1,5,2009,10
2023-11-07,104,5,6,4712,0
2022-03-31,109,2,5,2078,10
2023-11-29,103,4,7,1379,5
2023-06-24,104,3,2,2662,0
2024-01-02,107,3,5,2072,0
2024-05-18,107,2,3,2148,0
2022-02-10,104,3,9,1859,0
2024-01-10,106,3,6,4931,0
2023-05-17,103,1,3,3469,0
2024-08-16,106,4,7,4460,0
2024-07-17,102,4,4,4311,10
2023-04-06,108,1,3,4742,15
2024-01-02,102,1,8,4717,5
2024-01-22,107,3,4,580,5
2024-07-13,109,5,1,3232,10
2024-06-27,101,3,6,3209,10
2023-01-25,108,1,1,2922,0
2024-06-01,107,4,5,4141,15
2022-09-13,106,3,7,1167,0
2023-12-10,106,5,6,2996,10
2023-03-26,106,3,2,3999,0
2022-01-10,109,2,4,3998,5
2024-04-03,102,3,2,1944,5
2024-03-08,101,1,1,1845,0
2024-05-26,106,4,3,1689,15
2024-10-25,110,4,3,958,0
2024-10-12,108,1,7,1712,0
2023-01-09,103,2,1,1411,15
2024-12-24,110,1,9,1525,15
2022-05-26,101,3,6,2911,15
2022-08-12,109,1,4,571,5
2022-06-26,101,1,3,3185,0
2024-05-02,103,2,3,1693,10
2022-03-04,108,3,2,2348,15
2024-04-06,103,5,2,2884,15
2024-03-05,104,5,5,2522,0
2023-11-20,108,4,9,4241,10
2022-04-15,101,1,2,1798,0
2023-05-26,106,4,2,4602,0
2023-01-20,101,2,6,1404,15
2023-02-09,101,5,2,3526,15
2024-04-02,108,1,4,2528,5
2023-06-02,104,2,6,3120,10
2023-04-21,101,2,5,3146,10
2023-12-10,110,1,1,2789,15
2024-02-10,107,2,6,4372,15
2024-11-12,105,1,1,1985,15
2024-09-23,105,1,3,3651,10
2023-11-08,101,3,5,1940,5
2023-12-15,110,4,5,1265,10
2022-03-24,106,2,6,4979,15
2023-04-02,109,2,8,2938,15
2022-01-01,109,3,5,4592,5
2022-02-20,108,3,1,1649,0
2023-11-16,105,3,5,4065,0
2023-12-18,101,5,3,4642,10
2023-03-25,109,5,4,2472,0
2024-05-30,101,5,8,3166,0
2023-05-03,108,1,7,963,10
2022-02-03,105,2,5,4718,15
2022-04-05,103,4,2,2681,0
2024-12-31,107,1,6,2142,15
2022-06-03,107,2,6,4388,10
2022-09-07,109,2,6,1340,15
2023-11-05,107,3,9,3154,15
2023-03-14,103,3,8,4618,10
2022-04-28,101,1,8,1065,15
2024-02-10,108,3,1,1464,0
2022-09-25,103,2,5,2782,0
2024-12-13,108,3,7,1495,0
2022-08-24,108,5,6,1687,0
2023-01-24,105,3,5,4811,15
2024-09-16,101,2,8,3754,0
2024-02-02,110,1,3,1156,15
2023-02-05,107,4,6,3482,5
2023-09-16,110,3,5,1613,15
2024-02-06,105,2,8,4906,0
2024-07-07,108,4,4,1056,5
2024-05-02,109,4,8,3519,10
2023-08-01,107,5,2,2804,15
2022-03-16,107,4,9,3080,0
2023-03-11,101,2,9,551,0
2022-04-13,104,2,6,1861,0
2024-02-03,102,3,4,1694,10
2024-01-08,102,3,4,4519,5
2024-03-16,102,3,6,3638,5
2022-04-08,104,4,5,2148,0
2024-03-08,101,4,6,1171,15
2024-05-08,104,5,7,1277,0
2023-03-11,102,3,7,2779,0
2023-03-23,105,1,9,3522,15
2022-09-06,103,5,8,2360,0
2022-06-15,108,1,6,3639,10
2024-09-10,104,4,6,1574,0
2024-10-16,101,5,5,2216,10
2023-06-26,101,5,1,1783,0
2024-01-29,110,2,9,2486,5
2022-03-22,103,4,9,3133,15
2022-05-13,109,4,9,1501,5
2024-03-07,107,5,8,1546,0
2024-06-18,102,4,3,2676,0
2022-05-18,109,5,1,2838,10
2022-07-03,110,2,8,2355,0
2024-02-24,102,5,7,1000,0
2024-09-10,103,4,5,2733,0
2022-03-10,110,4,7,3039,5
2023-06-30,102,5,4,4214,10
2022-02-22,103,5,9,2832,5
2022-07-24,106,5,2,1100,10
2022-05-06,109,3,9,4784,5
2022-02-12,109,4,9,1488,0
2022-04-21,107,4,5,2381,5
2024-01-31,103,3,1,4983,5
2024-04-27,104,5,7,2254,10
2022-04-05,106,2,4,2964,10
2024-06-18,105,5,9,2723,5
2022-12-26,102,5,6,4982,10
2024-06-18,106,3,3,1994,10
2022-10-08,103,4,6,1352,10
2023-10-29,108,5,6,951,15
2022-04-03,102,4,5,2824,10
2023-11-03,101,1,2,2258,15
2022-03-02,109,4,2,4808,15
2023-09-26,103,2,7,3853,10
2024-12-10,101,2,2,4636,5
2024-10-25,107,5,6,3838,10
2023-08-27,110,4,5,3088,0
2023-11-13,105,5,4,2282,5
2023-06-18,105,3,7,4020,15
2024-04-17,101,2,8,2279,15
2023-10-07,109,5,4,3632,5
2022-08-21,107,3,1,4073,5
2023-06-08,108,5,1,3718,10
2022-12-12,109,4,1,4257,15
2024-12-05,106,4,1,4516,0
2023-06-30,105,4,5,3337,10
2024-03-04,106,4,4,2881,5
2022-09-06,102,1,9,4739,15
2022-02-16,104,3,3,4436,5
2022-08-02,103,3,7,4928,5
2022-08-27,107,4,8,1919,5
2024-12-15,109,1,6,4650,10
2022-12-16,105,4,1,1830,0
2022-04-17,106,1,8,3417,0
2024-04-10,110,4,3,1946,15
2022-02-17,102,2,8,1940,5
2022-12-03,103,2,4,4244,0
2024-11-15,103,5,8,3344,5
2024-03-14,109,4,1,4675,15
2022-01-08,107,3,3,1364,5
2023-09-17,108,5,6,971,0
2023-12-20,110,2,9,2002,5
2022-10-30,109,4,2,1910,0
2023-10-01,106,5,1,4270,15
2022-02-25,104,4,3,2405,5
2023-12-27,101,2,4,4501,0
2023-06-10,108,5,5,4004,15
2023-04-19,107,2,3,3983,5
2022-01-28,102,1,2,1098,15
2022-03-19,108,2,2,1491,0
2022-12-31,105,4,7,2432,5
2023-10-28,107,3,9,3284,5
2023-06-10,104,2,2,3541,5
2023-11-30,105,3,7,566,15
2024-06-01,108,1,7,3898,15
2024-10-27,101,5,7,3250,0
2024-10-23,101,5,3,969,10
2024-07-07,104,3,7,2224,5
2024-01-20,103,5,1,4485,5
2022-12-29,110,2,1,2131,0
2024-03-16,102,3,5,1274,5
2024-01-09,103,4,2,3512,15
2024-11-04,101,2,9,3003,15
2023-04-30,101,2,7,1986,5
2022-01-28,106,2,4,4519,5
2023-12-15,105,4,4,4727,15
2024-11-28,108,1,2,1429,5
2022-03-27,102,5,5,3512,15
2022-05-06,104,3,4,2005,10
2024-03-22,108,1,1,3444,10
2023-06-21,106,3,8,3319,5
2022-05-25,101,5,3,1684,5
2022-01-25,104,4,6,788,5
2022-03-08,101,2,4,2311,15
2022-08-21,102,2,9,1027,10
2022-04-19,105,4,7,1416,10
2022-04-21,108,1,9,2208,0
2022-08-16,108,1,3,4074,0
2022-04-21,103,3,1,3819,5
2022-02-03,104,4,5,1906,15
2023-09-15,110,1,3,1741,5
2024-01-18,106,4,6,3633,10
2023-08-18,110,5,8,1298,5
2023-03-01,103,2,4,2023,5
2023-09-05,102,2,5,4607,10
2023-11-23,106,2,5,3388,10
2022-11-11,105,4,4,3190,10
2024-05-26,110,4,4,4591,10
2023-10-24,105,3,4,1741,0
2022-10-04,110,2,4,1190,15
2023-09-16,105,3,4,1027,15
2023-05-31,110,2,5,1995,10
2024-04-22,105,3,2,4325,15
2022-12-16,103,3,2,3393,15
2024-04-02,107,5,9,1392,15
2024-01-29,106,3,2,886,15
2024-06-17,104,4,6,1749,10
2022-08-31,102,3,2,3028,5
2023-06-27,109,2,5,4028,5
2024-11-29,101,3,4,1397,5
2022-08-17,104,1,7,1210,0
2023-07-02,101,2,7,4195,15
2024-07-08,106,1,6,3186,10
2022-01-06,104,2,5,915,10
2023-04-13,105,4,1,1971,0
2022-03-16,105,4,3,4680,10
2022-01-04,109,4,9,4762,5
2023-10-08,101,1,1,2931,0
2022-04-28,102,5,5,3015,10
2024-05-30,106,2,2,1595,0
2023-05-19,105,4,4,1309,0
2024-08-04,107,2,1,3544,10
2023-07-28,103,1,3,1492,5
2022-07-13,103,5,7,1781,10
2024-04-26,110,1,3,4870,15
2023-12-16,102,2,4,2273,15
2024-11-15,103,5,2,4061,10
2022-06-22,110,5,3,4316,5
2022-11-22,101,1,9,2256,15
2024-04-15,105,4,3,2873,15
2023-12-25,105,2,5,3076,10
2022-08-13,107,3,2,1391,10
2023-06-16,104,3,4,4684,10
2022-04-23,103,1,7,1207,0
2022-05-20,101,2,7,2897,0
2023-07-13,108,2,3,4982,0
2022-01-01,103,1,5,2634,10
2022-03-31,102,2,1,2854,5
2023-10-16,104,4,1,1476,15
2022-11-16,103,1,5,1234,0
2022-05-19,101,4,9,2968,5
2024-04-24,103,2,1,3040,10
2022-09-16,102,1,1,1132,0
2024-06-20,108,2,4,4768,10
2023-11-21,106,1,4,4599,5
2022-01-10,109,2,2,3401,0
2022-09-18,108,4,9,2163,0
2022-06-21,110,4,9,2515,0
2024-06-16,103,2,2,3681,0
2022-01-13,105,1,9,4563,5
2022-11-17,107,3,6,3130,0
2022-11-25,105,4,8,4372,15
2024-02-24,108,4,4,1554,15
2024-02-16,105,3,2,880,10
2024-06-29,101,2,2,3582,0
2022-11-14,105,1,9,2891,15
2022-08-24,104,2,1,2092,15
2022-11-30,106,5,7,4761,15
2023-01-11,103,4,3,3247,5
2023-08-11,105,5,3,2889,0
2023-05-28,102,4,2,4053,5
2024-07-06,106,4,6,3527,5
2024-05-22,106,5,2,1707,15
2022-09-27,105,5,4,4353,15
2024-03-08,106,2,9,1044,10
2023-12-26,107,5,9,3581,0
2022-01-05,105,2,6,4163,0
2024-04-30,101,2,4,2739,15
2022-03-19,108,2,7,2867,15
2023-07-28,104,4,1,4273,0
2022-05-12,109,4,4,3127,10
2023-08-24,110,5,5,4431,15
2024-12-01,106,4,8,2974,10
2022-03-30,101,5,2,3630,5
2023-02-06,103,4,5,4007,15
2022-10-23,103,1,6,596,5
2023-09-08,110,1,5,4358,15
2024-03-10,104,5,9,3208,5
2023-02-26,106,4,1,3836,15
2024-11-12,107,4,3,956,10
2023-07-29,110,2,2,4868,10
2022-05-23,104,3,3,3487,10
2024-09-19,106,5,9,4588,5
2023-10-27,101,3,9,4384,10
2022-05-25,108,3,2,1531,5
2024-10-03,107,5,3,707,15
2023-05-18,109,4,4,2437,5
2024-03-31,103,5,9,1646,15
2022-04-14,102,3,3,4799,0
2024-11-28,101,4,7,3064,0
2022-07-17,103,1,3,942,0
2023-08-02,105,5,7,1332,5
2023-01-26,102,5,7,1961,0
2023-07-08,103,4,9,4016,0
2024-11-04,104,1,2,1659,0
2023-04-23,107,1,6,886,15
2024-07-11,103,4,9,2541,10
2023-02-24,109,2,2,3053,5
2022-06-06,108,5,2,2218,0
2023-07-04,104,5,5,4550,15
2024-10-17,101,3,8,3909,10
2024-09-23,101,4,9,1189,10
2024-08-08,101,3,2,1669,10
2022-10-16,101,3,5,1452,15
2022-07-15,108,1,7,3996,0
2023-08-21,103,5,6,4417,10
2023-06-01,106,3,6,2984,15
2024-05-14,103,1,7,2354,15
2024-03-16,105,4,3,3939,5
2024-03-25,107,3,3,3731,15
2022-08-16,102,5,9,3097,10
2022-08-04,106,3,8,4483,10
2024-08-05,106,4,5,2691,15
2022-01-15,103,3,6,3135,10
2022-02-16,106,5,1,1156,15
2022-11-20,110,1,1,4312,10
2024-04-23,110,5,4,3840,5
2022-05-10,105,1,2,4411,0
2022-04-05,102,2,7,2296,5
2023-09-19,109,5,2,4863,5
2024-01-25,108,5,2,2262,0
2024-03-04,103,4,5,4972,10
2022-03-10,108,3,4,3785,0
2022-01-11,109,1,8,2085,15
2024-05-21,103,1,4,4063,0
2023-07-04,103,4,6,2940,5
2023-12-13,102,4,5,3600,0
2022-01-23,108,3,2,3744,10
2024-03-25,110,3,8,1540,5
2022-12-12,101,5,2,3627,15
2022-10-29,108,2,9,2773,10
2022-12-29,107,3,9,4129,5
2023-01-31,107,4,3,2614,15
2022-08-06,103,3,4,2177,10
2022-05-21,101,1,8,3594,15
2024-08-15,104,2,9,1498,0
2024-09-11,109,5,3,2784,0
2024-09-19,105,1,5,2089,15
2024-04-07,101,1,8,1661,0
2023-11-14,105,2,3,3020,15
2024-09-30,108,5,7,4355,10
2022-12-22,108,4,8,1194,5
2024-10-04,105,5,3,4912,15
2024-06-06,109,3,2,4298,5
2022-05-07,101,1,7,4183,5
2024-10-05,104,3,9,2471,15
2023-08-27,103,4,1,2003,0
2024-10-10,102,3,3,3749,10
2022-02-20,108,5,5,4718,5
2024-11-18,107,3,3,3742,10
2024-02-18,109,4,1,2368,5
2024-03-24,102,4,7,2171,15
2023-02-24,104,4,7,1582,0
2024-09-09,106,5,8,2228,10
2024-04-04,103,4,5,4351,5
2024-10-21,108,1,5,2642,15
2023-07-21,103,4,5,1648,15
2023-01-06,102,3,1,753,5
2024-07-24,103,3,5,4602,5
2023-10-23,106,3,6,4042,5
2024-08-26,102,5,1,3275,0
2022-07-21,108,3,7,3833,5
2022-11-09,101,5,1,4684,5
2022-04-27,107,5,2,3779,0
2024-07-25,102,4,2,4808,15
2023-07-29,110,1,5,3381,5
2022-09-01,106,4,7,765,10
2023-06-21,102,4,1,2840,15
2022-03-16,102,5,1,3648,10
2023-01-21,110,5,1,3859,5
2023-04-20,108,3,6,1504,0
2023-02-22,102,3,2,2594,0
2022-12-13,107,4,1,3771,0
2023-10-02,103,2,6,709,5
2024-07-27,108,2,2,1387,5
2024-08-12,107,3,6,653,10
2024-05-25,108,2,8,4093,0
2024-02-02,107,3,2,914,5
2023-10-26,106,5,9,3924,15
2022-01-25,107,4,8,1784,5
2023-12-11,105,1,1,3648,5
2022-06-26,107,4,7,1268,15
2022-10-12,101,3,6,1482,0
2022-03-04,101,3,6,3702,15
2024-09-29,109,4,6,4026,0
2023-10-24,105,3,6,3287,15
2023-10-28,105,2,7,2710,10
2022-06-05,103,2,3,1538,0
2024-12-08,105,3,6,4432,5
2024-08-24,103,3,3,1041,10
2024-04-28,109,2,7,858,0
2023-11-20,109,3,7,1349,0
2022-05-28,106,3,8,3044,0
2022-12-08,101,4,2,2331,15
2023-04-21,107,1,9,1972,0
2024-12-22,107,2,5,1936,5
2023-07-15,110,4,9,829,0
2022-11-23,110,1,5,4854,5
2024-09-16,104,3,7,4738,5
2022-08-03,108,3,9,4508,5
2023-03-11,106,4,4,1888,10
2024-08-09,104,3,2,4685,5
2023-12-24,104,5,9,1219,15
2022-02-01,102,4,2,3735,0
2023-11-01,102,1,3,2631,15
2022-10-12,104,4,2,1600,10
2023-03-05,105,2,3,1172,0
2022-10-13,108,4,6,1016,5
2024-11-08,106,3,3,3032,0
2022-01-18,104,3,8,4170,10
2024-02-08,107,5,6,1281,10
2023-08-13,108,5,7,4023,15
2024-10-06,102,5,1,4058,0
2022-07-13,107,1,3,2886,0
2023-05-17,102,5,3,2089,0
2024-09-14,102,1,2,2001,15
2022-04-24,108,5,7,4294,10
2024-08-04,102,1,9,4818,5
2024-04-10,109,4,4,3580,0
2024-07-13,101,4,5,1576,15
2022-02-24,109,3,3,1600,15
2024-03-10,101,1,9,1002,5
2024-02-17,110,2,4,1839,10
2022-06-11,110,3,5,4385,0
2022-03-28,102,4,1,1123,0
2022-02-24,106,1,2,2386,15
2024-10-28,106,5,9,3850,10
2024-04-12,101,2,2,1550,0
2022-11-09,107,4,5,4272,5
2024-01-29,108,3,8,4416,10
2023-03-19,102,1,3,4518,10
2022-11-24,108,2,6,1829,15
2024-12-13,109,1,4,4614,15
2024-01-31,106,5,7,3867,0
2023-08-02,105,3,3,4451,15
2024-12-10,109,1,6,2997,10
2024-10-03,109,4,9,2073,0
2022-04-06,101,3,1,3134,0
2024-03-24,103,4,3,3268,10
2023-05-06,109,1,2,1711,0
2023-03-28,102,3,8,1275,5
2022-06-14,104,4,7,1660,5
2022-07-01,104,5,2,2883,0
2023-04-14,102,5,6,3154,15
2024-06-28,103,1,3,4040,5
2024-01-05,103,3,8,1595,0
2024-04-02,101,2,3,523,5
2024-08-01,106,3,9,4056,15
2022-01-07,108,5,1,1579,10
2022-11-26,103,4,5,4818,0
2024-02-14,105,2,3,678,0
2022-05-31,101,1,6,3347,0
2022-05-27,110,2,2,2460,0
2024-07-03,107,1,9,1973,0
2023-12-01,110,2,6,1712,0
2022-03-23,101,1,7,1309,15
2023-05-29,109,1,5,919,10
2024-03-25,108,2,9,4159,15
2023-12-10,107,2,1,4316,15
2024-01-16,110,1,5,1778,10
2024-10-19,107,5,6,3023,15
2023-12-08,105,2,7,1940,5
2023-04-16,105,3,4,1840,15
2023-01-31,105,4,1,2721,0
2022-09-18,101,1,8,2892,5
2024-03-15,108,1,4,1861,5
2024-07-22,101,4,3,1091,10
2024-06-23,104,5,7,1026,15
2024-12-12,109,4,2,3003,15
2024-07-28,109,2,8,1792,5
2024-05-03,105,4,6,2154,15
2023-08-16,104,1,7,687,15
2023-12-15,103,4,5,3258,10
2023-09-24,103,3,9,1028,5
2022-02-28,105,2,5,933,0
2022-05-08,110,4,5,4012,5
2024-01-06,101,1,3,2304,10
2023-12-22,105,2,1,802,10
2023-06-10,106,1,2,4682,10
2023-06-05,107,5,8,937,15
2023-07-06,109,3,1,3088,5
2022-08-25,103,5,7,1332,15
2023-05-09,102,3,5,1296,15
2022-01-04,103,4,3,1059,5
2023-10-28,109,2,7,4088,10
2023-03-18,107,4,9,1261,0
2022-01-29,109,3,2,4074,0
2023-09-02,102,3,8,4285,5
2024-03-15,105,3,9,3014,5
2022-03-16,104,1,3,1184,10
2024-04-17,102,2,2,4733,5
2022-05-08,109,4,7,1077,5
2022-02-11,109,4,5,727,10
2022-02-10,106,5,5,2828,10
2024-07-22,106,3,5,3231,15
2022-02-03,108,3,4,1327,5
2024-11-06,106,3,5,930,0
2024-09-24,101,4,4,1563,5
2023-08-11,104,5,6,2209,0
2022-12-08,107,1,4,1734,0
2022-01-27,102,2,2,801,0
2023-10-08,109,1,9,1920,15
2024-01-01,108,4,2,1268,10
2022-06-17,108,3,9,1904,10
2023-09-02,107,2,6,943,15
2022-09-25,104,4,9,3604,10
2024-03-31,102,4,9,4855,15
2023-03-31,103,4,3,3805,5
2024-06-24,106,2,1,2038,15
2024-07-10,105,2,1,4430,10
2024-09-07,108,5,3,1831,10
2023-12-03,106,5,5,569,5
2023-09-26,106,1,3,3935,15
2022-05-10,101,2,9,980,5
2024-10-16,104,2,9,4594,0
2024-03-29,105,2,3,3996,15
2023-11-24,103,5,3,3293,5
2024-03-04,109,4,5,3392,5
2022-01-29,101,3,2,1698,10
2022-05-29,106,5,6,2872,15
2022-01-11,106,2,7,2392,0
2023-11-07,110,5,9,2383,0
2022-07-06,105,1,6,1297,15
2024-03-17,105,2,3,517,15
2024-01-14,110,1,5,543,5
2022-04-08,105,2,4,654,10
2022-02-24,106,5,5,3948,10
2023-09-15,108,4,8,4580,10
2023-10-26,102,3,8,1925,15
2024-01-28,106,1,6,4820,10
2023-02-10,101,5,1,4812,5
2022-03-10,104,4,8,4139,15
2024-01-21,110,5,8,4626,15
2024-08-15,103,1,2,2392,10
2022-12-31,109,3,4,1397,0
2023-04-27,103,5,2,3924,0
2022-07-20,106,2,4,1758,5
2022-06-03,101,4,7,2515,10
2022-03-14,106,5,9,2202,10
2023-12-14,104,4,8,1373,15
2022-10-23,108,2,9,1065,15
2024-11-06,109,3,8,2518,10
2022-03-02,104,3,2,2385,15
2024-07-27,110,2,7,2623,10
2022-02-11,110,4,2,2814,5
2022-01-25,106,5,2,4912,15
2024-11-28,101,2,4,4383,10
2022-05-11,104,1,1,3692,15
2022-04-18,107,4,5,2359,5
2022-06-21,101,3,6,524,15
2022-04-12,108,2,9,4003,10
2024-05-15,110,3,8,4755,15
2023-06-08,106,4,2,1637,15
2022-10-02,105,3,1,1689,10
2024-12-03,110,2,2,4596,0
2024-03-27,109,4,7,3657,15
2024-08-14,102,1,4,2867,15
2024-11-06,105,2,5,4977,5
2022-11-26,106,5,7,2241,0
2022-01-12,107,2,3,4188,5
2022-08-04,105,4,2,4246,10
2022-12-05,109,2,7,1397,10
2023-10-23,101,1,5,4523,5
2023-01-09,107,1,1,1216,15
2024-09-02,110,5,1,4467,0
2023-12-11,107,3,9,4521,5
2023-04-11,104,4,5,3715,5
2023-05-04,109,4,1,890,10
2022-02-16,105,3,7,4384,15
2024-02-17,104,1,9,2199,0
2024-11-05,107,1,1,3537,5
2023-12-12,104,2,4,732,0
2023-02-05,103,5,3,2426,0
2024-09-07,109,5,5,3631,5
2022-09-07,108,5,7,3806,0
2023-01-26,101,2,8,3224,10
2022-12-01,107,5,2,733,15
2023-09-21,109,3,7,1891,15
2022-05-17,108,2,1,3392,15
2024-06-01,108,3,7,1755,10
2023-11-19,106,2,8,3038,10
2024-04-06,104,5,2,4190,10
2023-12-28,108,3,9,1389,15
2023-08-17,103,3,1,1245,0
2024-09-16,109,3,6,2219,10
2023-01-07,102,2,1,927,5
2024-07-23,102,4,3,1231,10
2024-09-21,107,5,6,1299,5
2023-02-06,110,3,3,4797,15
2023-09-07,104,4,8,1335,5
2024-09-21,110,5,5,634,10
2023-09-12,108,5,2,3038,10
2022-07-07,109,3,4,4218,0
2022-05-11,107,3,9,540,15
2024-03-15,105,2,4,3867,5
2024-07-24,108,4,8,2915,15
2024-09-12,104,4,5,2540,10
2022-07-02,102,3,1,4839,0
2024-09-09,106,5,7,3449,10
2022-12-30,109,3,3,4761,10
2022-02-08,101,5,8,3966,10
2023-05-12,110,5,3,3588,5
2024-09-08,107,3,1,1615,10
2024-07-09,110,1,5,3090,15
2023-12-23,109,4,2,4073,15
2022-01-16,110,5,4,3478,0
2023-05-08,109,5,1,2947,15
2024-06-12,110,1,9,1730,10
2022-11-07,103,2,6,3166,10
2024-01-09,105,1,8,4758,15
2023-06-30,108,1,4,3094,0
2023-02-18,108,5,9,3930,0
2022-09-08,104,4,2,3417,15
2024-01-29,101,1,9,3452,5
2024-11-28,101,2,5,2495,5
2024-03-24,104,3,6,4391,5
2022-01-29,106,1,3,806,5
2024-08-15,108,1,4,1862,15
2023-04-22,106,2,6,2602,0
2022-11-14,109,4,7,3530,10
2022-09-02,109,1,1,832,10
2024-01-18,102,1,7,3252,15
2023-11-28,110,4,1,742,10
2022-09-29,101,2,5,2384,5
2023-01-12,102,1,6,1932,0
2022-09-23,105,4,2,3050,15
2024-07-14,104,1,9,802,0
2024-07-09,104,3,6,4830,15
2022-12-06,109,5,7,3609,15
2023-01-24,108,3,8,2686,15
2023-07-31,106,1,1,4790,15
2022-01-03,101,2,8,2050,0
2023-01-11,102,5,4,2292,10
2022-11-20,106,3,8,1146,15
2022-05-26,102,4,6,1212,5
2022-10-20,110,2,9,1037,15
2023-03-08,105,3,4,734,0
2023-12-06,105,4,2,2896,15
2024-08-06,106,1,2,2004,5
2023-08-08,106,4,5,1874,0
2023-02-03,106,3,9,2409,15
2024-03-27,102,3,3,1415,5
2024-08-21,110,1,8,4458,0
2022-07-06,103,4,4,580,15
2022-03-02,106,4,6,2583,5
2024-07-27,108,1,6,3188,0
2023-12-11,101,4,3,2190,15
2024-03-17,101,1,5,1256,0
2022-01-11,102,2,3,3170,5
2024-12-21,106,3,1,4251,15
2022-08-14,109,2,7,4052,15
2023-07-18,104,5,4,967,15
2024-02-11,103,5,7,1994,5
2024-06-03,108,5,3,1519,10
2022-08-14,110,1,5,1401,15
2024-04-04,109,4,5,1172,5
2022-08-06,105,2,2,938,0
2024-07-25,109,2,2,4722,0
2024-01-23,102,2,4,2576,5
2023-05-21,103,2,4,944,10
2022-09-16,107,5,4,1465,5
2022-02-23,107,2,6,4290,0
2024-12-06,106,4,2,963,0
2023-12-28,106,5,6,2698,15
2023-11-20,102,2,7,2787,10
2024-11-09,110,1,3,4265,5
2023-02-23,106,3,8,3676,0
2023-11-21,104,3,2,4508,0
2024-04-29,103,3,8,4004,0
2022-03-03,102,5,5,1412,5
2022-08-04,101,2,2,996,5
2022-01-03,105,5,7,1963,10
2022-06-09,102,4,2,4753,15
2024-02-20,102,1,6,4767,15
2024-06-11,107,1,3,993,15
2022-11-25,108,3,9,1926,0
2023-08-03,110,3,3,2192,15
2024-08-09,108,3,3,2293,0
2023-09-27,104,2,5,3223,10
2024-09-14,101,4,7,1158,0
2024-07-09,107,4,8,4962,10
2024-01-08,101,4,7,1049,10
2022-06-19,104,4,9,1142,15
2023-06-05,108,3,5,4850,15
2022-02-09,102,1,3,707,0
2024-08-12,106,3,6,2997,5
2024-09-10,106,4,5,4690,15
2024-09-01,109,3,4,2383,15
2022-02-07,105,4,2,3386,5
2022-11-24,110,5,7,977,5
2024-07-02,104,1,5,1261,15
2023-03-30,105,5,4,689,5
2022-02-06,110,2,8,1255,0
2024-08-30,105,3,9,1946,10
2024-03-06,108,2,9,2163,10
2024-08-30,110,3,3,2335,15
2023-08-16,108,5,3,4728,15
2024-11-29,102,4,5,4650,0
2022-08-12,107,4,5,4560,5
2022-11-14,108,3,2,4112,15
2022-12-15,106,4,1,2189,10
2022-04-25,105,5,8,1816,0
2023-11-29,109,4,3,3686,0
2024-11-29,103,5,1,4520,5
2022-02-09,110,2,1,4854,15
2022-08-04,104,5,2,1645,15
2022-12-02,109,1,6,4894,0
2022-04-02,106,1,6,1060,10
2022-12-19,108,1,3,2412,15
2023-07-25,107,3,4,2364,10
2024-03-26,102,3,2,796,0
2024-02-20,103,3,2,2909,15
2022-12-29,101,5,7,3136,10
2023-07-11,109,3,1,1961,0
2022-12-22,107,2,7,4792,10
2022-07-10,101,1,1,2768,15
2023-02-26,103,5,6,1494,5
2023-12-01,104,1,3,507,10
2022-01-07,104,3,8,3091,5
2022-05-13,105,5,6,3015,15
2023-07-11,103,4,2,4915,5
2024-04-05,103,2,8,1917,0
2024-01-31,101,3,5,2816,5
2024-11-20,107,3,8,4432,10
2023-06-19,110,2,8,1787,10
2023-03-02,101,2,6,3344,5
2023-11-03,102,4,2,1618,0
2022-12-29,104,3,8,1052,15
2022-03-23,104,3,6,1160,5
2022-12-22,105,1,6,1215,10
2023-08-12,102,5,8,4085,10
2022-10-22,104,5,1,4261,5
2024-12-05,101,1,2,3029,5
2022-01-17,102,5,9,4470,5
2022-12-26,101,2,8,3907,15
2024-05-15,110,5,7,1958,10
2023-12-01,110,5,7,3767,10
2023-03-24,104,1,5,1354,10
2024-05-05,104,4,2,4037,15
2022-12-31,107,5,6,2397,0
2023-11-06,110,5,3,772,10
2024-10-04,109,4,4,4587,10
2023-04-12,109,1,2,1772,0
2023-02-18,105,4,2,4874,15
2023-08-09,110,1,8,4519,0
2024-09-20,101,2,8,1315,0
2023-07-26,101,1,6,4871,0
2022-12-01,106,2,5,1422,0
2022-02-06,102,2,8,1764,15
2024-09-15,108,1,4,4224,15
2022-10-05,109,3,4,3287,0
2024-07-04,104,1,5,3222,5
2023-04-29,105,5,1,4723,5
2024-01-01,108,5,1,3050,5
2022-07-11,103,3,2,3449,5
2024-11-06,105,2,8,2173,10
2023-06-08,103,3,7,3592,15
2024-07-06,110,5,9,3338,15
2023-02-05,103,3,5,2166,0
2024-06-04,103,1,2,2695,10
2023-12-06,107,3,7,1884,0
2022-01-22,107,2,8,4903,0
2023-04-19,107,1,7,4454,15
2022-07-29,110,4,7,3399,10
2022-11-02,108,5,5,560,5
2023-12-05,105,5,2,4447,15
2023-11-18,105,3,6,2790,10
2022-10-12,104,1,4,972,10
2023-12-17,107,4,2,1458,15
2024-02-02,110,1,9,1032,15
2024-08-05,104,5,7,993,0
2023-01-16,102,1,6,581,0
2023-04-05,104,4,5,3470,0
2024-10-27,108,3,3,511,5
2022-01-29,109,2,4,1261,15
2024-06-25,103,1,3,3685,10
2024-11-22,107,2,8,525,15
2024-05-28,109,5,3,2306,10
2022-03-20,104,3,7,4657,5
2024-08-04,110,3,7,4824,15
2023-04-04,103,1,7,4159,10
2023-07-24,105,3,7,2025,10
2024-01-08,101,1,2,1260,0
2023-05-31,103,1,3,1094,5
2023-02-01,108,2,9,1555,15
2022-02-08,108,3,3,2354,0
2024-06-05,104,1,2,3583,5
2024-03-07,102,2,9,4416,0
2022-06-06,108,4,9,4175,15
2024-06-02,108,2,4,2548,10
2024-08-31,110,2,9,1958,15
2024-11-11,104,1,3,1719,5
2024-04-28,103,5,7,4728,15
2024-01-18,102,5,7,4681,5
2024-09-15,109,5,8,1999,0
2022-01-21,101,2,4,2330,5
2022-10-30,107,1,3,3895,10
2024-05-18,105,3,3,1703,10
2022-03-25,108,2,5,4770,10
2023-07-24,104,2,1,3310,0
2024-07-22,107,1,3,3592,5
2024-10-05,105,4,6,3544,0
2024-03-03,105,2,3,4014,15
2024-03-02,109,4,5,2298,15
2023-05-07,109,4,9,3075,15
2022-07-27,109,5,2,644,15
2024-12-19,106,1,2,4426,10
2023-03-06,106,4,6,1877,5
2024-09-11,105,1,6,3646,10
2023-06-04,109,5,8,2325,5
2023-08-14,110,1,2,1293,5
2024-11-16,108,2,9,2101,0
2022-07-18,107,4,2,4914,15
2023-01-22,107,1,1,1610,5
2022-12-15,106,3,2,4553,15
2024-08-17,105,1,7,4437,15
2023-11-24,104,4,8,4463,15
2023-01-13,103,5,5,1282,10
2024-06-17,103,5,6,1616,15
2024-07-04,106,4,1,2250,5
2023-06-11,104,2,6,3076,10
2024-01-04,106,2,8,4527,15
2022-07-25,103,5,3,3836,0
2023-03-31,104,5,1,4887,15
2023-06-05,109,4,4,1987,15
2024-10-13,105,2,1,4375,10
2024-08-13,107,5,8,4131,5
2023-12-27,110,2,5,4692,15
2024-10-10,102,5,1,4458,10
2023-05-16,105,1,8,3897,10
2022-04-27,109,3,9,573,5
2023-01-21,103,1,2,1859,10
2023-08-07,109,5,9,1591,5
2023-01-30,106,3,8,2441,0
2024-12-23,104,3,7,3648,15
2023-12-22,107,5,3,4803,10
2022-03-13,108,5,2,1744,0
2022-10-01,106,2,7,1785,10
2022-12-04,105,5,5,3536,10
2023-08-30,106,4,6,1270,0
2022-06-15,105,5,4,2343,10
2022-01-11,108,4,2,573,10
2023-12-30,101,5,9,2160,0
2024-03-11,107,2,3,4849,10
2022-04-12,110,4,7,1319,5
2024-02-18,110,1,8,4318,10
2022-08-02,102,4,2,831,15
2023-02-05,109,2,6,1921,10
2023-08-11,101,4,8,4155,15
2024-06-07,110,5,7,2191,15
2024-12-05,106,5,3,4908,10
2023-08-15,109,2,1,727,0
2022-04-02,101,3,6,3381,5
2023-11-04,104,5,8,3365,5
2023-12-15,104,1,6,3075,10
2024-07-24,109,2,5,964,0
2022-08-30,105,4,8,777,0
2022-01-02,105,4,2,4614,5
2022-08-13,106,1,1,565,0
2024-03-11,101,5,1,4762,10
2023-08-12,101,2,4,902,10
2022-04-26,109,1,6,4483,0
2024-07-06,103,5,9,3978,10
2022-07-13,104,2,1,3944,15
2024-05-20,101,4,1,4919,5
2022-03-31,109,2,5,3539,10
2022-05-02,108,3,5,1937,0
2022-05-23,102,2,5,928,5
2024-09-20,108,3,6,3182,10
2022-04-16,107,2,8,3277,5
2024-06-05,106,3,3,3878,0
2023-03-04,101,4,9,892,15
2022-11-13,107,5,1,841,15
2023-09-27,110,3,4,632,10
2022-01-09,107,3,9,764,15
2024-02-13,109,4,8,4688,10
2022-08-11,101,3,9,2185,5
2023-07-07,102,1,1,1934,10
2023-12-17,109,4,9,2160,10
2022-04-21,109,1,3,4317,10
2022-09-08,106,4,9,2854,15
2023-01-18,106,3,1,765,10
2022-01-07,104,1,1,1636,0
2023-04-04,104,3,9,1890,10
2022-07-27,105,4,6,1612,5
2024-06-18,103,3,4,2734,0
2022-01-22,101,1,7,3366,5
2023-02-14,101,1,5,3568,5
2024-06-13,107,3,7,2679,5
2023-05-30,101,2,8,1134,0
2024-03-19,101,4,8,4131,0
2024-05-23,103,4,1,1899,15
2022-01-14,110,3,8,3239,0
2024-08-28,104,2,6,3670,10
2024-09-04,104,1,4,2365,5
2024-10-10,102,5,8,2455,15
2024-11-01,101,5,3,2718,0
2022-03-28,103,3,4,1889,5
2024-06-27,104,2,6,3630,0
2022-05-02,103,2,7,4776,15
2024-01-20,108,4,4,4614,0
2023-11-16,110,1,4,1749,0
2022-11-05,101,2,7,3666,5
2023-11-26,102,5,6,1745,10
2022-10-15,107,1,8,553,0
2022-11-03,104,1,1,3410,15
2024-07-02,108,3,7,2896,0
2023-10-24,103,2,7,942,0
2023-07-03,106,3,7,4111,10
2022-11-08,109,2,7,4877,5
2024-05-22,101,4,8,2907,15
2024-12-18,101,3,9,1322,5
2024-07-12,108,3,9,4202,5
2024-01-25,103,5,2,3439,5
2022-02-04,105,3,7,1531,0
2023-03-21,101,2,7,2516,10
2022-04-03,105,5,4,1062,0
2022-12-19,106,3,9,3038,15
2024-06-21,108,3,8,840,10
2024-05-11,103,4,1,4275,5
2022-06-08,103,3,2,2796,10
2024-08-14,110,1,2,734,15
2022-01-24,109,5,8,1616,0
2023-02-08,104,1,1,2408,0
2024-03-15,104,5,4,1917,5
2023-05-31,107,4,5,1791,0
2024-01-02,102,3,9,3988,0
2023-06-16,108,3,7,4154,15
2024-08-13,106,3,8,1028,10
2022-06-01,103,5,9,3824,0
2024-08-04,109,3,7,2480,15
2023-08-31,105,1,5,3439,15
2023-02-24,108,3,5,1829,5
2024-05-15,107,4,6,1733,15
2023-08-01,108,1,5,2253,5
2022-12-01,107,3,9,3300,0
2024-07-20,103,3,3,3433,5
2022-10-22,102,2,3,3259,15
2024-01-25,107,5,7,3275,10
2022-07-05,103,1,7,3987,10
2023-09-29,103,2,6,4350,0
2023-06-14,102,4,3,3027,0
2022-01-21,104,5,7,1390,10
2024-06-29,108,1,5,2565,5
2024-05-16,101,3,7,1688,0
2024-03-04,101,1,2,4797,15
2022-04-10,105,3,6,1240,0
2024-01-22,105,5,8,1869,5
2023-04-23,101,3,1,1889,0
2024-07-28,106,4,4,2500,15
2023-06-10,101,3,1,1971,15
2022-11-30,105,4,1,2036,15
2022-01-02,109,5,8,818,5
2023-01-10,105,5,7,2764,5
2022-10-20,106,1,1,2394,15
2024-04-16,108,4,2,4211,15
2024-10-01,101,4,4,3322,5
2023-07-07,102,2,1,1775,5
2022-11-14,109,2,3,3583,5
2023-01-16,103,2,8,900,10
2022-01-14,106,3,8,1223,5
2023-05-19,105,2,8,2829,15
2022-08-19,102,4,6,1635,10
2022-05-10,107,3,6,3270,5
2024-04-17,104,5,5,767,15
2024-06-09,101,1,9,1069,0
2022-01-28,104,2,4,3056,10
2022-03-07,106,5,7,2473,15
2022-09-18,107,4,1,1045,0
2023-04-05,107,1,9,3322,15
2022-10-28,107,5,7,4960,5
2024-07-07,103,1,9,770,5
2022-10-14,106,2,7,1238,0
2024-10-30,108,4,2,1757,5
2023-09-22,104,1,6,558,15
2022-09-27,108,5,4,4681,0
2023-08-15,102,2,3,889,15
2024-04-23,110,2,2,1218,15
2024-05-11,109,5,6,4744,15
2022-05-13,109,5,8,620,5
2024-08-29,108,1,6,3152,5
2023-05-28,110,3,9,2803,15
2022-11-09,110,2,5,3411,10
2023-07-30,101,1,2,1299,15
2024-06-04,102,5,8,3880,15
2023-11-18,106,1,9,2606,0
2022-06-14,110,5,4,1609,15
2022-11-01,105,4,6,1750,5
2022-06-05,109,5,8,3140,0
2023-09-12,105,5,9,2149,10
2024-08-14,102,5,5,1845,0
2022-11-30,110,3,6,3456,10
2024-08-26,104,5,4,2946,0
2023-05-26,109,2,5,3864,0
2024-11-09,101,2,7,984,10
2022-10-09,101,1,9,1302,5
2024-03-07,107,3,6,2215,5
2024-10-21,103,1,6,2415,5
2022-04-29,110,2,8,3983,0
2024-11-24,102,2,4,2257,15
2022-07-17,109,4,3,2309,0
2023-04-30,103,5,7,3507,15
2024-12-18,102,2,5,3725,15
2024-04-16,108,1,2,3995,5
2024-10-05,110,1,2,2820,15
2023-11-22,106,5,6,2170,0
2024-11-01,106,5,8,1651,0
2023-05-05,110,4,1,2723,5
2022-10-03,107,3,6,3167,10
2023-11-24,107,1,2,710,0
2022-08-30,106,5,2,2994,15
2022-05-06,104,1,7,4762,0
2022-08-05,109,5,1,3007,0
2024-11-28,106,2,6,3463,0
2023-05-10,104,1,7,3928,10
2023-03-03,103,2,8,3875,15
2024-07-07,104,1,7,4455,5
2022-05-31,103,3,6,4205,0
2023-01-19,102,4,9,3905,15
2022-11-04,105,2,3,4538,15
2024-01-16,102,5,6,1552,5
2024-06-10,106,3,4,1213,0
2023-01-10,103,1,2,3388,10
2024-10-28,106,2,1,1187,15
2022-05-09,110,1,1,829,5
2024-10-11,109,1,3,2246,10
2023-10-31,101,1,4,1707,15
2023-06-01,106,4,2,2642,0
2022-03-27,109,4,1,1284,15
2022-11-07,104,5,4,3196,10
2023-03-03,102,2,7,4320,10
2022-04-24,104,3,6,4218,0
2022-10-30,101,3,6,3193,0
2024-01-14,103,3,9,1125,5
2023-08-11,110,1,2,4734,0
2024-09-13,109,4,4,4208,5
2022-12-11,110,2,5,1261,10
2024-03-24,105,1,1,4479,10
2024-03-11,106,4,8,4029,15
2024-10-21,103,4,8,2055,15
2024-12-12,105,2,6,4133,5
2024-12-28,108,2,5,1175,0
2022-12-27,106,2,8,4687,0
2024-10-06,104,1,3,536,15
2023-12-05,102,5,3,4336,10
2023-07-29,109,2,2,2287,5
2023-11-19,101,5,5,3227,10
2024-02-20,101,1,3,4380,10
2023-08-08,104,5,3,2394,0
2023-08-12,107,3,6,636,5
2023-05-04,101,5,8,3576,10
2024-08-28,109,2,2,4383,15
2023-05-09,104,1,4,1161,15
2022-01-19,103,2,7,2310,0
2023-02-01,101,3,1,914,15
2024-09-27,110,2,1,842,15
2024-04-30,104,2,7,3229,10
2024-04-01,109,2,7,3950,15
2023-03-31,110,4,1,4165,15
2023-12-26,106,3,1,4237,10
2024-12-24,106,2,4,4397,0
2023-12-12,101,2,5,4741,0
2022-05-23,110,2,5,4918,5
2024-07-05,102,1,4,2669,15
2024-04-07,106,4,8,2378,10
2023-08-28,102,1,7,4470,5
2022-11-01,103,4,9,3117,0
2024-01-06,104,2,7,2015,0
2022-10-18,105,3,1,1074,10
2022-04-12,109,5,7,4942,5
2024-05-16,104,5,1,3367,5
2024-08-25,109,2,7,4044,10
2024-08-31,110,1,8,4977,10
2024-04-21,103,3,9,571,5
2024-08-19,108,4,3,3068,0
2024-07-30,101,2,4,3937,15
2024-10-23,109,3,4,3480,0
2022-03-26,109,3,9,1617,10
2022-11-24,110,4,7,2886,5
2024-03-26,102,3,3,4008,5
2023-03-30,104,1,5,1859,15
2023-09-21,108,1,7,2015,5
2023-10-27,107,1,8,539,15
2022-01-12,101,3,1,1882,0
2022-10-31,105,1,2,2530,0
2024-09-01,107,4,7,3121,5
2024-02-22,104,3,2,2400,5
2022-02-12,101,5,7,2717,10
2024-08-01,109,3,9,1783,10
2022-12-09,105,4,2,1083,5
2023-05-13,102,5,7,958,5
2022-12-30,108,3,4,2765,0
2024-06-09,102,1,2,3166,5
2023-03-03,103,2,7,1315,10
2024-10-01,110,2,5,3011,0
2022-01-21,101,1,1,746,15
2023-02-11,102,2,5,916,10
2023-09-11,107,2,3,4963,10
2024-10-11,110,1,7,4217,0
2022-12-02,102,1,6,607,15
2023-02-03,106,3,8,3131,10
2024-03-03,103,3,5,1338,5
2023-12-16,104,1,2,1921,10
2022-02-20,108,4,9,4412,0
2022-11-20,103,2,8,755,0
2024-02-28,110,3,6,3327,0
2022-05-21,106,2,7,1337,10
2023-04-15,101,5,9,3462,15
2024-02-26,107,1,7,2782,5
2024-08-21,108,4,3,1052,0
2024-10-04,108,5,6,680,15
2023-01-08,103,5,7,4752,5
2023-05-09,110,5,2,1977,0
2024-01-21,101,1,3,1070,5
2022-10-18,109,3,4,2227,5
2022-04-16,106,1,6,1091,15
2023-11-01,109,3,1,2760,5
2022-01-02,107,5,9,3447,0
2023-08-12,101,5,5,847,15
2023-10-06,101,4,7,665,10
2022-03-31,106,3,9,4943,10
2022-12-16,105,5,9,3396,15
2024-11-28,109,2,1,4993,10
2024-06-27,102,4,1,1082,5
2022-06-08,108,1,3,4006,0
2024-08-16,105,4,6,4903,5
2022-11-08,102,2,2,3538,15
2023-03-21,110,3,1,3345,0
2022-10-25,106,1,1,3266,15
2024-08-09,110,1,5,4694,15
2022-02-05,108,3,4,1765,15
2023-07-13,104,4,1,4753,5
2024-06-09,102,5,4,3467,0
2022-05-21,105,4,3,2774,0
2024-06-05,102,2,2,2970,0
2023-12-27,102,5,9,2790,5
2024-11-15,106,4,1,3077,10
2023-06-05,110,3,7,4160,5
2022-01-10,109,2,4,1568,5
2024-09-10,104,2,5,3236,15
2023-01-13,106,2,5,2450,0
2023-11-13,107,5,1,591,0
2023-08-07,106,1,6,3593,10
2022-06-01,108,5,9,2719,10
2023-12-21,104,4,2,1887,15
2024-12-08,101,1,7,4774,0
2024-05-08,107,4,6,2785,10
2022-02-19,103,1,5,3706,10
2023-10-26,106,5,4,3424,0
2023-06-15,102,2,4,779,5
2024-12-19,109,3,6,2118,10
2024-05-06,101,2,4,3287,0
2022-05-26,106,5,5,870,10
2024-07-03,106,1,6,3683,15
2024-09-19,105,2,5,4334,10
2022-08-30,105,5,7,2203,0
2023-08-04,101,4,9,2768,10
2023-11-18,110,3,7,803,15
2023-04-28,105,2,7,4274,15
2023-11-04,102,1,4,1848,10
2023-09-23,107,4,1,2922,10
2023-10-23,103,5,8,4128,15
2023-10-24,104,3,4,2928,15
2024-03-15,103,1,1,3533,5
2023-02-23,103,5,5,1168,5
2024-09-14,104,5,8,999,15
2023-10-12,105,2,4,1914,10
2024-08-26,101,2,8,1029,0
2023-08-13,104,1,8,4121,10
2023-05-24,108,5,3,3956,10
2023-03-17,110,2,9,1254,5
2024-07-09,107,3,3,2847,5
2024-02-09,109,3,1,1226,5
2022-09-20,105,5,2,3149,15
2023-09-29,110,2,6,2546,15
2023-04-04,104,1,2,3315,10
2024-09-25,108,1,6,1374,10
2023-12-01,109,1,1,3779,0
2022-10-29,107,3,1,3484,10
2023-07-08,107,2,5,2678,10
2022-10-15,105,2,9,4307,5
2023-09-13,104,3,8,1107,5
2024-10-02,110,1,3,1134,5
2022-02-05,101,1,3,3227,5
2024-01-14,110,5,1,1574,5
2022-12-19,110,4,3,2414,0
2022-03-14,107,2,1,1088,0
2023-10-10,101,2,8,3731,0
2024-12-29,101,2,1,2804,5
2023-03-01,105,4,5,4338,15
2024-09-25,109,5,9,2473,5
2023-12-09,106,4,7,2555,5
2023-07-15,103,1,4,3980,0
2024-04-07,103,1,9,2579,5
2024-08-13,107,2,9,3552,0
2023-06-01,106,3,2,4982,5
2023-03-04,109,2,6,1751,10
2022-06-09,106,3,4,4295,15
2022-05-29,105,4,8,4322,15
2024-02-15,110,1,7,4802,0
2022-03-08,107,3,7,3889,10
2024-10-10,101,4,9,2280,15
2023-01-16,107,1,5,3104,0
2022-02-27,103,3,6,4188,5
2022-12-08,109,2,1,2224,5
2023-12-28,106,2,6,3284,10
2024-02-09,109,2,2,4219,15
2023-09-06,105,4,6,2177,5
2022-12-20,107,2,9,948,0
2022-04-26,104,5,8,581,5
2023-10-24,107,1,9,1906,5
2023-03-29,101,4,8,1980,15
2022-10-14,107,2,3,1579,15
2024-10-13,108,1,8,4098,0
2022-11-07,105,3,6,4683,10
2022-07-27,102,2,6,4180,10
2023-09-10,105,1,6,3203,5
2023-03-22,106,5,3,4810,0
2023-11-01,102,3,1,4256,10
2023-09-25,106,5,4,2258,10
2022-02-24,106,1,6,3099,5
2024-06-30,101,5,2,3050,0
2024-11-01,101,1,7,4353,10
2023-10-19,110,1,7,3246,15
2024-09-06,103,5,4,2792,15
2023-05-30,110,1,4,2001,5
2022-08-25,110,2,1,4904,5
2022-12-14,103,1,2,730,5
2023-09-19,104,4,9,4750,5
2023-09-22,102,1,8,1698,10
2022-12-30,109,4,8,614,0
2022-11-17,110,1,9,1913,5
2022-10-13,107,1,7,4906,5
2022-05-29,107,5,9,1492,10
2023-02-10,106,2,2,2847,5
2024-09-04,103,2,6,1541,5
2023-04-01,106,3,3,511,0
2024-03-10,108,5,6,4176,15
2024-10-09,108,5,3,3565,5
2024-02-23,109,2,8,2536,10
2023-04-05,101,5,4,3546,0
2024-01-08,101,2,6,2850,10
2023-05-24,103,5,9,1040,0
2023-04-26,103,1,2,3360,0
2022-04-24,110,2,2,576,5
2024-01-19,108,2,7,3567,5
2022-12-27,110,4,2,523,5
2022-12-07,101,5,2,1175,15
2024-02-09,102,5,4,2894,15
2024-01-31,102,2,9,4767,10
2024-08-26,103,1,8,3898,5
2023-03-25,106,1,2,3259,15
2024-04-14,101,1,8,988,5
2022-11-07,102,5,4,1985,15
2022-09-19,101,4,2,4159,15
2023-02-10,105,2,7,3735,0
2022-05-23,107,3,6,2919,5
2022-12-08,108,4,5,3995,5
2022-09-01,110,3,1,1256,15
2023-05-05,101,4,2,3024,5
2022-01-12,107,1,8,4750,15
2023-07-15,105,5,1,756,5
2022-02-11,110,3,3,2279,0
2023-11-09,101,4,2,2615,5
2023-08-17,103,5,5,3848,0
2022-05-14,107,3,4,1972,10
2024-12-26,110,2,7,758,5
2024-10-27,101,4,5,4575,5
2024-08-05,107,2,8,806,5
2022-03-14,105,1,4,1618,0
2023-02-03,101,2,6,3517,5
2023-08-01,101,2,4,4841,5
2024-05-08,101,4,2,3280,15
2022-05-10,109,1,1,2158,10
2024-07-19,103,2,1,686,0
2022-09-23,105,5,8,2297,15
2024-03-03,110,3,4,1424,0
2022-09-10,109,2,5,1284,15
2024-04-01,106,1,8,3944,10
2022-06-13,109,2,7,3696,15
2022-04-05,108,3,8,1860,0
2024-04-12,108,1,8,840,5
2022-12-02,101,4,6,1062,5
2024-04-01,109,1,2,3499,10
2022-08-26,106,4,6,1693,0
2023-01-16,109,1,1,3610,0
2024-06-17,103,3,1,568,0
2023-04-28,103,3,3,2928,10
2024-06-20,106,1,3,4098,5
2024-11-14,109,2,5,2872,15
2023-04-27,107,3,1,1343,10
2024-07-05,103,4,6,1073,15
2024-09-20,103,4,7,4714,5
2024-08-21,102,5,3,3096,10
2023-06-21,109,4,4,1978,5
2024-11-01,103,5,3,2573,15
2022-05-08,105,1,1,2013,0
2022-04-02,109,1,8,1468,0
2023-06-27,108,1,2,2696,15
2024-04-25,102,2,1,2011,0
2024-09-15,103,2,8,1154,15
2023-03-23,102,5,7,3492,10
2023-01-25,108,4,7,792,10
2023-11-03,106,4,4,3101,10
2022-02-12,106,1,9,4912,0
2022-09-11,109,3,6,4993,5
2024-12-19,108,2,2,2088,0
2023-10-25,104,2,1,1095,0
2023-04-12,104,1,1,3093,5
2022-10-14,109,2,9,2623,5
2024-10-07,101,1,4,2443,5
2024-02-17,102,5,5,1415,5
2022-12-11,102,4,3,4369,0
2023-10-04,106,3,4,3294,15
2023-01-17,104,4,8,3578,10
2023-11-21,110,4,4,1475,15
2024-12-15,103,5,9,1575,0
2023-04-02,103,2,9,3489,5
2024-09-09,103,3,6,3967,10
2022-03-24,106,2,2,1951,10
2022-05-29,108,4,7,4323,15
2022-07-09,107,1,9,4432,0
2024-06-01,104,4,6,2528,0
2022-09-20,104,2,3,862,0
2023-02-04,110,4,7,2929,10
2024-02-03,102,1,5,4132,15
2023-09-01,101,5,1,2818,10
2024-02-24,109,2,3,3585,10
2022-04-11,102,4,5,2845,5
2024-03-30,108,2,7,4098,15
2024-03-30,109,5,3,4829,5
2023-02-24,104,4,6,2231,0
2022-05-04,108,4,5,526,10
2023-02-26,109,2,1,592,15
2024-12-22,110,2,6,3164,0
2024-02-07,110,1,8,808,15
2023-04-28,105,5,1,551,10
2023-06-03,107,1,2,818,15
2022-06-04,110,4,4,2492,0
2022-04-02,104,2,2,4776,5
2024-09-08,101,4,9,4391,10
2023-03-31,103,4,8,4456,5
2023-08-21,105,3,8,3192,10
2023-05-25,103,3,4,3518,0
2023-01-21,107,4,5,2524,10
2023-02-09,109,2,4,4931,5
2022-09-03,106,4,9,2025,10
2024-01-12,110,3,2,1778,0
2023-10-23,101,2,8,1013,10
2023-10-12,107,4,2,4837,5
2024-06-19,103,5,1,2233,0
2022-03-06,105,5,3,3870,5
2024-11-02,110,4,9,4421,10
2022-08-01,104,2,3,3000,15
2022-08-30,110,4,9,3964,5
2023-05-08,105,4,7,2759,10
2022-12-04,105,3,1,3159,15
2022-06-22,106,5,5,755,15
2023-11-03,110,3,9,2002,0
2022-06-13,110,3,3,2610,15
2023-04-10,106,4,9,906,5
2024-09-21,108,3,5,3349,5
2023-05-12,108,5,9,3676,15
2023-12-01,109,3,6,2360,10
2023-01-30,108,5,9,4854,5
2023-12-04,102,3,7,1222,5
2022-11-04,110,5,7,1782,0
2022-07-02,101,3,8,1113,10
2023-09-21,110,3,7,3831,15
2023-05-25,102,2,9,3616,10
2023-06-30,102,5,9,2478,0
2023-09-16,103,5,6,1312,0
2023-08-17,110,5,7,2286,10
2024-01-14,107,1,2,830,0
2023-07-08,102,3,9,2712,0
2022-01-21,101,5,1,1716,0
2023-07-08,106,1,1,4982,10
2023-02-01,109,2,3,3837,0
2023-09-17,103,5,6,2875,15
2022-04-15,106,5,5,1740,15
2022-07-11,103,1,2,819,5
2022-01-17,101,3,9,4994,15
2023-01-28,105,2,4,2414,5
2023-03-01,110,5,4,4700,10
2022-05-09,104,3,5,829,0
2023-07-26,107,2,8,1159,15
2022-01-29,106,4,4,4188,5
2024-10-30,110,4,5,3618,10
2022-08-30,107,2,4,2472,5
2022-08-20,105,1,6,2293,0
2024-02-28,104,2,3,3718,15
2023-12-16,107,2,8,3033,10
2024-01-29,107,1,6,2957,5
2024-03-12,106,1,5,3600,10
2024-02-15,108,3,2,4866,5
2023-12-27,104,3,7,3233,5
2022-07-19,110,1,2,4980,0
2024-08-02,105,4,1,4655,0
2022-03-20,104,4,7,719,5
2024-08-13,101,2,5,3318,15
2024-05-05,108,5,1,2406,10
2023-04-12,101,2,4,3111,10
2023-08-04,105,2,4,3093,0
2024-07-28,106,5,7,595,15
2023-03-25,106,1,9,1488,5
2022-03-28,105,4,2,1612,0
2022-04-11,103,2,1,2778,5
2024-10-28,105,5,2,745,5
2024-04-24,108,3,7,2658,0
2022-03-28,102,2,6,4829,15
2022-02-12,106,4,4,3849,10
2023-02-12,109,1,1,3225,0
2023-10-26,108,2,1,4577,15
2024-11-06,108,2,5,3166,5
2022-05-28,108,5,1,3699,0
2022-10-04,107,3,7,3254,10
2022-08-20,108,3,1,1917,10
2023-01-01,106,1,1,1154,5
2023-03-12,102,4,2,2942,0
2023-02-03,102,1,3,610,10
2023-05-14,108,2,1,589,0
2023-06-24,101,2,9,1262,10
2023-07-17,106,3,8,3672,5
2023-03-18,106,4,5,2679,5
2024-02-12,104,5,2,3004,0
2022-12-16,110,4,5,1964,15
2023-06-04,103,2,6,597,15
2022-05-18,103,5,1,792,5
2024-09-18,101,4,4,2339,10
2023-01-03,103,4,9,2234,15
2022-12-26,104,5,2,3119,5
2024-07-09,105,2,5,2696,10
2022-11-25,103,4,1,3966,10
2024-08-19,106,5,4,2406,15
2023-04-08,105,2,4,2221,5
2024-08-03,103,5,6,4191,10
2024-08-20,106,5,9,2316,10
2024-04-15,106,4,3,752,0
2022-06-18,108,2,9,4727,0
2022-08-05,102,4,6,4019,15
2023-01-13,101,1,7,2407,0
2022-04-29,104,1,2,2410,5
2022-07-09,107,2,6,3021,15
2024-02-06,110,5,6,4349,15
2023-01-05,103,4,2,1558,0
2022-05-29,103,4,2,4038,10
2023-10-14,105,2,2,2822,5
2024-02-09,105,2,1,686,5
2023-01-09,110,1,5,1448,5
2024-02-20,103,3,8,2790,15
2022-06-09,109,2,2,4859,5
2022-12-17,104,3,5,709,10
2024-06-10,103,2,8,2593,10
2023-06-07,102,5,5,4038,0
2023-06-06,110,5,2,2063,5
2024-02-22,109,1,3,525,15
2022-09-30,104,1,6,674,0
2024-07-24,103,3,5,1834,10
2022-07-02,107,2,4,821,5
2023-05-03,108,4,4,4650,10
2024-04-25,102,1,5,4547,0
2022-05-04,107,4,2,3727,10
2024-09-11,105,4,9,2372,5
2024-02-29,105,2,2,2567,5
2023-02-18,103,3,2,832,0
2023-11-17,105,2,9,3491,5
2022-04-23,102,1,3,1410,10
2024-06-06,104,4,7,4996,10
2022-05-02,106,2,4,1449,15
2022-02-08,101,2,6,2575,15
2023-05-12,110,2,4,3014,15
2024-02-19,104,1,7,3831,10
2024-07-31,106,3,1,3529,10
2022-05-29,109,2,3,600,0
2024-10-18,102,1,3,2900,15
2023-10-23,107,4,1,3871,10
2022-10-29,106,5,6,2843,0
2022-08-26,102,1,9,852,10
2023-10-09,108,5,8,3455,0
2023-10-25,107,2,7,1518,15
2022-08-24,105,2,8,1679,15
2022-07-22,105,1,6,4036,15
2022-09-13,107,5,9,4150,10
2023-08-21,109,2,3,3002,10
2023-10-24,109,4,9,4319,0
2022-08-23,109,3,4,1479,5
2023-06-18,106,3,7,1476,5
2024-05-09,110,2,9,1871,15
2024-02-09,106,5,2,2780,5
2023-06-25,103,2,2,607,15
2022-08-01,101,5,9,1472,0
2023-04-08,107,4,3,2126,5
2023-03-12,104,5,9,1203,5
2022-10-10,101,2,5,1374,15
